,rank,uri,artist_names,track_name,source,peak_rank,previous_rank,weeks_on_chart,streams,duration_ms,danceability,energy,loudness,instrumentalness,speechiness,tempo
0,1,spotify:track:3nqQXoyQOWXiESFLlDF1hG,"Sam Smith, Kim Petras",Unholy (feat. Kim Petras),EMI,1,1,3,3472327,156943.0,0.714,0.472,-7.375,4.51e-06,0.0864,131.121
1,2,spotify:track:4uUG5RXrOk84mYEfFvj3cK,"David Guetta, Bebe Rexha",I'm Good (Blue),Parlophone UK,1,2,7,2595609,175238.0,0.561,0.965,-3.673,7.07e-06,0.0343,128.04
2,3,spotify:track:5uSFGgIfHMT3osrAd9n9ym,Lewis Capaldi,Forget Me,Vertigo Berlin,2,3,5,2106290,203472.0,0.669,0.742,-3.518,0.0,0.0441,101.982
3,4,spotify:track:4h9wh7iOZ0GGn8QVp4RAOB,OneRepublic,I Ain't Worried,Interscope Records,4,4,19,2053783,148486.0,0.704,0.797,-5.927,0.000745,0.0475,139.994
4,5,spotify:track:4k6Uh1HXdhtusDW5y8Gbvy,Steve Lacy,Bad Habit,L-M Records/RCA Records,5,6,14,2049376,232067.0,0.686,0.494,-7.093,5.8e-05,0.0355,168.946
5,6,spotify:track:39JofJHEtg8I4fSyo7Imft,"Eliza Rose, Interplanetary Criminal",B.O.T.A. (Baddest Of Them All) - Edit,Warner Records,2,5,10,1957245,226627.0,0.736,0.906,-7.589,0.585,0.048,137.001
6,7,spotify:track:1xzi1Jcr7mEi9K2RfzLOqS,Beyoncé,CUFF IT,Parkwood Entertainment/Columbia,7,10,11,1847466,225389.0,0.78,0.689,-5.668,9.69e-06,0.141,115.042
7,8,spotify:track:5IgjP7X4th6nMNDh4akUHb,Chris Brown,Under The Influence,Chris Brown Entertainment/RCA Records,8,8,12,1725453,184613.0,0.733,0.69,-5.529,1.18e-06,0.0427,116.992
8,9,spotify:track:2yjlYDiNiQkdxVqTlaSrlX,Nicki Minaj,Super Freaky Girl,Republic Records,5,7,9,1691643,170977.0,0.951,0.878,-2.565,1.61e-05,0.211,133.014
9,10,spotify:track:4Dvkj6JhhA12EX05fT7y2e,Harry Styles,As It Was,Columbia,1,9,28,1638817,167303.0,0.52,0.731,-5.338,0.00101,0.0557,173.93
10,11,spotify:track:3LtpKP5abr2qqjunvjlX5i,Central Cee,Doja,Central Cee,2,12,12,1451307,97393.0,0.911,0.573,-7.43,0.0,0.288,140.04
11,12,spotify:track:40SBS57su9xLiE1WqkXOVr,LF SYSTEM,Afraid To Feel,Warner Records,1,11,20,1427365,177525.0,0.578,0.912,-3.929,0.00362,0.114,127.87
12,13,spotify:track:1eprzC29mwUQqcVj0eILdx,"Anne-Marie, Aitch",PSYCHO,Atlantic Records UK,13,16,4,1384557,162493.0,0.62,0.681,-4.915,0.0,0.356,160.743
13,14,spotify:track:1LIvdWNdKmHvU0FJvw2diN,"Luude, Mattafix",Big City Life,Warner Records,13,13,15,1301804,146712.0,0.615,0.902,-4.316,3.91e-05,0.0859,87.03
14,15,spotify:track:5YbPxJwPfrj7uswNwoF1pJ,Burna Boy,Last Last,Spaceship/ Bad Habit/Atlantic Records,4,14,22,1265305,172342.0,0.795,0.565,-4.457,0.0,0.0948,87.925
15,16,spotify:track:7jtQIBanIiJOMS6RyCx6jZ,Tom Odell,Another Love,ITNO/Columbia,15,19,88,1217847,244360.0,0.442,0.538,-8.55,2.95e-05,0.0451,122.758
16,17,spotify:track:4zN21mbAuaD0WqtmaTZZeP,"James Hype, Miggy Dela Rosa",Ferrari,Universal-Island Records Ltd.,10,15,16,1188235,186662.0,0.847,0.69,-7.877,6e-05,0.0493,125.004
17,18,spotify:track:75FEaRjZTKLhTrFGsfMUXR,Kate Bush,Running Up That Hill (A Deal With God),Parlophone UK,1,18,20,1104475,298933.0,0.629,0.547,-13.123,0.00314,0.055,108.375
18,19,spotify:track:2QjOHCTQ1Jl3zawyYOpxh6,The Neighbourhood,Sweater Weather,Columbia,19,21,107,1071080,240400.0,0.612,0.807,-2.81,0.0177,0.0336,124.053
19,20,spotify:track:58ge6dfP91o9oXMzq3XkIS,Arctic Monkeys,505,Domino Recording Co,17,17,91,1064248,253587.0,0.52,0.852,-5.866,5.79e-05,0.0543,140.267
20,21,spotify:track:3PXmiB8Htr95ccAdKyIsyR,"KSI, Tom Grennan",Not Over Yet (feat. Tom Grennan),Atlantic Records UK,10,20,10,1043962,155692.0,0.501,0.775,-2.993,0.0,0.052,174.009
21,22,spotify:track:1xK59OXxi2TAAAbmZK0kBL,d4vd,Romantic Homicide,Darkroom/Interscope Records,22,31,5,1024969,132631.0,0.571,0.544,-10.613,0.00805,0.0299,132.052
22,23,spotify:track:13Irp51zj01BZu2XtDrnAg,Lizzo,2 Be Loved (Am I Ready),Nice Life/Atlantic,23,27,7,1011971,187108.0,0.721,0.769,-4.111,0.0,0.105,155.932
23,24,spotify:track:73vIOb4Q7YN6HeJTbscRx5,"Oliver Tree, Robin Schulz",Miss You,Atlantic Records,24,-1,1,985609,206000.0,0.587,0.742,-6.64,0.00107,0.0529,145.007
24,25,spotify:track:1qEmFfgcLObUfQm0j1W2CK,Harry Styles,Late Night Talking,Columbia,2,23,21,976911,177955.0,0.714,0.728,-4.595,0.0,0.0468,114.996
25,26,spotify:track:5XeFesFbtLpXzIVDNQP22n,Arctic Monkeys,I Wanna Be Yours,Domino Recording Co,22,22,12,961643,183956.0,0.464,0.417,-9.345,0.022,0.0256,67.528
26,27,spotify:track:02MWAaffLxlfxAUY7c5dvx,Glass Animals,Heat Waves,Polydor Records,2,25,104,954784,238805.0,0.761,0.525,-6.9,6.7e-06,0.0944,80.87
27,28,spotify:track:59nOXPmaKlBfGMDeOVGrIK,"Future, Drake, Tems",WAIT FOR U (feat. Drake & Tems),Epic/Freebandz,5,29,24,916535,189893.0,0.463,0.642,-4.474,0.0,0.34,83.389
28,29,spotify:track:003vvx7Niy0yvhvHt4a68B,The Killers,Mr. Brightside,Island Records,21,32,303,885628,222973.0,0.352,0.911,-5.23,0.0,0.0747,148.033
29,30,spotify:track:5TJEBoTCDbJXiKMdCN9pd3,"Elton John, Britney Spears",Hold Me Closer,EMI,18,26,7,881765,202246.0,0.659,0.772,-4.595,0.000346,0.11,126.018
30,31,spotify:track:2WigMwGJysIh9fRnSJvpjn,Oxlade,KU LO SA - A COLORS SHOW,Epic,31,36,10,877478,147581.0,0.649,0.655,-5.534,0.0,0.0652,92.9
31,32,spotify:track:5FVd6KXrgO9B3JPmC8OPst,Arctic Monkeys,Do I Wanna Know?,Domino Recording Co,24,24,239,862683,272394.0,0.548,0.532,-7.596,0.000263,0.0323,85.03
32,33,spotify:track:5RobAV5ROH5KARimi7n3cO,"venbee, goddard.",messy in heaven,Columbia,33,55,3,857968,170438.0,0.62,0.837,-4.356,0.000242,0.13,172.081
33,34,spotify:track:5pyoxDZ1PX0KxBxiRVxA4U,Beyoncé,BREAK MY SOUL,Parkwood Entertainment/Columbia,4,28,17,854710,278282.0,0.693,0.887,-5.039,2.71e-06,0.0795,114.942
34,35,spotify:track:6HMtHNpW6YPi1hrw9tgF8P,Lizzo,About Damn Time,Nice Life/Atlantic,2,38,24,836072,191938.0,0.836,0.743,-6.305,0.0,0.0653,108.965
35,36,spotify:track:6Iqz3QB6zSdn1N61acinau,"Aitch, Ed Sheeran",My G (feat. Ed Sheeran),Capitol,20,34,8,819163,198057.0,0.786,0.572,-7.362,0.0,0.164,100.121
36,37,spotify:track:4N5s8lPTsjI9EGP7K4SXzB,George Ezra,Green Green Grass,Columbia,7,35,23,817415,167614.0,0.685,0.738,-4.413,0.0,0.0595,112.972
37,38,spotify:track:086myS9r57YsLbJpU0TgK9,Arctic Monkeys,Why'd You Only Call Me When You're High?,Domino Recording Co,30,30,104,816617,161124.0,0.691,0.631,-6.478,1.13e-05,0.0368,92.004
38,39,spotify:track:531KGXtBroSrOX9LVmiIgc,Dave,Starlight,Dave / Neighbourhood Recordings,1,39,32,798122,211935.0,0.954,0.367,-9.551,5.48e-06,0.288,124.026
39,40,spotify:track:1WCEAGGRD066z2Q89ObXTq,"David Guetta, Becky Hill, Ella Henderson",Crazy What Love Can Do,Parlophone UK,11,37,27,786804,169756.0,0.601,0.713,-3.758,0.0,0.0449,122.872
40,41,spotify:track:3sNVsP50132BTNlImLx70i,Kanye West,Bound 2,Rock The World/IDJ/Kanye/LP6,33,42,32,766605,229147.0,0.367,0.665,-2.821,0.0,0.0465,148.913
41,42,spotify:track:7DbdUf8aHSYoliSjO6LZv6,Beach Weather,"Sex, Drugs, Etc.",8123 / Arista Records,42,44,9,764839,196784.0,0.572,0.839,-5.083,0.00976,0.0377,143.969
42,43,spotify:track:2TktkzfozZifbQhXjT6I33,Omar Apollo,Evergreen (You Didn’t Deserve Me At All),Warner Records,43,50,3,752661,216680.0,0.697,0.336,-10.395,0.00528,0.0424,82.029
43,44,spotify:track:6xGruZOHLs39ZbVccQTuPZ,Joji,Glimpse of Us,88rising Music/Warner Records,5,43,18,751001,233456.0,0.44,0.317,-9.258,4.78e-06,0.0531,169.914
44,45,spotify:track:76OGwb5RA9h4FxQPT33ekc,Rosa Linn,SNAP,Columbia,37,48,13,736058,179551.0,0.565,0.636,-8.198,9.9e-06,0.0638,170.01
45,46,spotify:track:3EaJDYHA0KnX88JvDhL9oa,Steve Lacy,Dark Red,Three Quarter,46,46,62,734231,173104.0,0.603,0.784,-4.023,8.32e-06,0.062,172.041
46,47,spotify:track:3gw91o4at6nDzewF9Hxzs7,Bru-C,No Excuses,0207 Def Jam,27,47,24,706856,222453.0,0.678,0.732,-5.696,1.56e-05,0.0465,87.495
47,48,spotify:track:7JWYtvZzxAptMETUfm37oL,K-Trap,Warm,Thousand8,48,109,2,697500,167832.0,0.873,0.657,-6.696,0.0,0.333,143.055
48,49,spotify:track:7u3w4fQhulC1etJbdfmv3Q,"Tion Wayne, La Roux",IFTK,Atlantic Records UK,6,53,22,668950,190685.0,0.614,0.82,-4.32,8.18e-05,0.226,146.235
49,50,spotify:track:0WtM2NBVQNNJLh6scP13H8,"Rema, Selena Gomez",Calm Down (with Selena Gomez),Mavin Records / Jonzing World,50,74,6,665754,239318.0,0.801,0.806,-5.206,0.000669,0.0381,106.999
50,51,spotify:track:1mea3bSkSGXuIRvnydlB5b,Coldplay,Viva La Vida,Parlophone UK,51,65,16,665690,242373.0,0.486,0.617,-7.115,3.23e-06,0.0287,138.015
51,52,spotify:track:4OmfWzukSVD140NiAIEjem,Steve Lacy,Static,L-M Records/RCA Records,52,57,7,664569,156507.0,0.335,0.305,-12.661,0.631,0.0741,79.001
52,53,spotify:track:5rF6YUIlgiat22OT1lWspJ,Sam Fender,Seventeen Going Under,Polydor Records,2,54,53,653801,297933.0,0.48,0.87,-4.792,0.00603,0.0362,161.953
53,54,spotify:track:7xTDT7gyIrv0xWpwwXExxU,Ed Sheeran,Celestial,Atlantic Records UK,45,45,2,653675,209027.0,0.574,0.852,-1.248,0.0,0.0397,123.038
54,55,spotify:track:3AJwUDP919kvQ9QcozQPxg,Coldplay,Yellow,Parlophone UK,21,61,102,652437,266773.0,0.429,0.661,-7.227,0.000121,0.0281,173.372
55,56,spotify:track:1wUpbNyIar4OFPM1Fg3R3j,"Tion Wayne, Aitch",Let’s Go (feat. Aitch),Atlantic Records UK,56,-1,1,650831,158746.0,0.671,0.817,-4.008,0.0,0.281,102.153
56,57,spotify:track:0HaRLPnr887lcQM2YQzkff,"Burna Boy, Ed Sheeran",For My Hand (feat. Ed Sheeran),Spaceship/ Bad Habit/Atlantic Records,57,66,14,643618,159124.0,0.87,0.479,-7.779,0.000157,0.165,104.059
57,58,spotify:track:3pBpX15YF0hdlRz2ddfSh2,"Fred again.., Swedish House Mafia, Future",Turn On The Lights again.. (feat. Future),Atlantic Records UK,48,62,11,638026,267947.0,0.683,0.887,-4.944,0.446,0.0497,132.007
58,59,spotify:track:4h4QlmocP3IuwYEj2j14p8,"Nicky Youre, dazy",Sunroof,Thirty Knots/Columbia,43,58,22,631503,163026.0,0.768,0.714,-5.11,0.0,0.0401,131.443
59,60,spotify:track:1DIXPcTDzTj8ZMHt3PDt8p,"Coolio, L.V.",Gangsta's Paradise,"Tommy Boy Music, LLC",40,40,10,625082,240693.0,0.647,0.514,-10.05,0.0,0.0593,79.975
60,61,spotify:track:68Dni7IE4VyPkTOH9mRWHr,J. Cole,No Role Modelz,Roc Nation Records LLC,61,75,98,622816,292799.0,0.69,0.521,-8.492,0.0,0.339,100.028
61,62,spotify:track:4RvWPyQ5RL0ao9LPZeSouE,Tears For Fears,Everybody Wants To Rule The World,UMC (Universal Music Catalogue),47,77,48,621464,251489.0,0.645,0.795,-12.095,0.00389,0.0527,112.067
62,63,spotify:track:7qEHsqek33rTcFNT9PFqLf,Lewis Capaldi,Someone You Loved,Vertigo Berlin,1,68,198,618767,182161.0,0.501,0.405,-5.679,0.0,0.0319,109.891
63,64,spotify:track:7e8utCy2JlSB8dRHKi49xM,Arctic Monkeys,Fluorescent Adolescent,Domino Recording Co,49,49,151,616365,173493.0,0.646,0.813,-5.29,2.26e-05,0.0288,112.115
64,65,spotify:track:58VQMrt5md1pozhyeM3MeG,D-Block Europe,She's Not Anyone,D-Block Europe,41,51,3,614738,197647.0,0.687,0.519,-9.376,0.0,0.353,101.648
65,66,spotify:track:0hquQWY3xvYqN4qtiquniF,Doja Cat,Vegas (From the Original Motion Picture Soundtrack ELVIS),Kemosabe Records/RCA Records,22,60,19,613895,182907.0,0.801,0.601,-7.574,3.23e-05,0.255,159.969
66,67,spotify:track:3z4CGd63tpUn9a6oQSG0CI,"Dave, Burna Boy",Location (feat. Burna Boy),Neighbourhood,9,69,188,613436,241293.0,0.812,0.496,-5.969,0.0,0.297,109.979
67,68,spotify:track:0O6u0VJ46W86TxN9wgyqDj,"Post Malone, Doja Cat",I Like You (A Happier Song) (with Doja Cat),Mercury Records/Republic Records,9,67,19,602155,192841.0,0.733,0.67,-6.009,0.0,0.0751,100.964
68,69,spotify:track:4tRhRLBxIZ34Iw0eCuiC03,southstar,Miss You,Columbia/B1 Recordings,69,-1,1,598661,206385.0,0.663,0.559,-12.876,0.0894,0.0391,145.007
69,70,spotify:track:7wdwIaXUuzlu1grzWMFRJm,Ghost,Mary On A Cross,UME - Global Clearing House,32,59,9,592911,244804.0,0.467,0.9,-4.505,0.000493,0.0451,130.027
70,71,spotify:track:3xWGA8pa0IKFI7IMPri4P0,Ed Sheeran,Shivers,Atlantic Records UK,1,56,57,588643,207853.0,0.788,0.859,-2.724,0.0,0.0856,141.02
71,72,spotify:track:38T0tPVZHcPZyhtOcCP7pF,Lil Nas X,STAR WALKIN' (League of Legends Worlds Anthem),Columbia,71,71,3,588522,210576.0,0.637,0.715,-4.971,0.0,0.0455,141.872
72,73,spotify:track:0JzG1wJuB4v9UPkSE7LMXi,Montell Fish,Hotel,"Lord’s Child, LLC",25,63,4,576668,197333.0,0.228,0.427,-8.739,0.0167,0.0363,180.345
73,74,spotify:track:5PjdY0CKGZdEuoNab3yDmX,"The Kid LAROI, Justin Bieber",STAY (with Justin Bieber),Columbia,1,79,66,567564,141806.0,0.591,0.764,-5.484,0.0,0.0483,169.928
74,75,spotify:track:6JIC3hbC28JZKZ8AlAqX8h,"Elton John, Dua Lipa, PNAU",Cold Heart - PNAU Remix,EMI,2,83,61,558090,202735.0,0.795,0.8,-6.32,7.25e-05,0.0309,116.032
75,76,spotify:track:3y8xPhq9Ho1hCEMIE9DvZe,Stormzy,Mel Made Me Do It,0207 Def Jam,19,41,3,557695,440983.0,0.725,0.677,-6.609,0.0,0.348,100.043
76,77,spotify:track:6ex1Pz3pntgy4NPtxHXN2V,Ed Sheeran,Bad Habits,Atlantic Records UK,1,72,68,557572,230747.0,0.807,0.893,-3.745,2.79e-05,0.0347,126.011
77,78,spotify:track:3GZD6HmiNUhxXYf8Gch723,Frank Ocean,Lost,Red Zone Entertainment / IDJ,15,88,40,557407,234093.0,0.913,0.603,-4.892,0.000503,0.226,123.061
78,79,spotify:track:27ZZdyTSQWI7Cug2d2PkqV,Armani White,BILLIE EILISH.,"Legendbound, LLC / Def Jam Recordings",79,92,6,556256,99283.0,0.9,0.509,-6.647,1.67e-06,0.257,100.007
79,80,spotify:track:2wGSgTmgSF3xjRrHkTc25R,"The Game, 50 Cent",Hate It Or Love It,Geffen,46,93,16,554861,206400.0,0.802,0.785,-4.781,0.0,0.207,99.998
80,81,spotify:track:1R0a2iXumgCiFb7HEZ7gUE,Taylor Swift,Don’t Blame Me,"Big Machine Records, LLC",38,87,23,554123,236413.0,0.615,0.534,-6.719,1.76e-05,0.0386,135.917
81,82,spotify:track:7yq4Qj7cqayVTp3FF9CWbm,Vance Joy,Riptide,F-Stop Records/Atlantic,53,85,256,553912,204280.0,0.484,0.731,-6.694,0.0,0.0379,101.654
82,83,spotify:track:3F5CgOj3wFlRv51JsHbxhe,"Drake, 21 Savage",Jimmy Cooks (feat. 21 Savage),OVO,4,80,17,553055,218365.0,0.529,0.673,-4.711,2.41e-06,0.175,165.921
83,84,spotify:track:1RF02Cf80mTaeNXG2P2boR,"Nathan Dawe, Ella Henderson",21 Reasons (feat. Ella Henderson),Atlantic Records UK,14,82,24,552538,155253.0,0.621,0.785,-4.499,5.92e-06,0.11,123.96
84,85,spotify:track:6Qyc6fS4DsZjB2mRW9DsQs,The Goo Goo Dolls,Iris,Warner Records,51,90,46,550328,289533.0,0.315,0.715,-8.072,7.97e-06,0.0362,155.925
85,86,spotify:track:3uUuGVFu1V7jTQL60S1r8z,"Lost Frequencies, Calum Scott",Where Are You Now,Epic Amsterdam,2,86,53,546994,148197.0,0.671,0.636,-8.117,0.000411,0.103,120.966
86,87,spotify:track:7Kbw2fTMOU43MrqXdGzroh,Mimi Webb,Ghost of You,Epic,87,-1,1,544844,158064.0,0.737,0.858,-4.1,0.0,0.0648,126.254
87,88,spotify:track:2LBqCSwhJGcFQeTHMVGwy3,The Weeknd,Die For You,Universal Republic Records,88,94,12,534846,260253.0,0.586,0.525,-7.163,0.0,0.0615,133.629
88,89,spotify:track:0wHFktze2PHC5jDt3B17DC,Jack Harlow,First Class,Generation Now/Atlantic,2,89,27,530226,173948.0,0.902,0.582,-5.902,3.18e-06,0.109,107.005
89,90,spotify:track:0VjIjW4GlUZAMYd2vXMi3b,The Weeknd,Blinding Lights,Republic Records,1,96,150,526147,200040.0,0.514,0.73,-5.934,9.54e-05,0.0598,171.005
90,91,spotify:track:4ZtFanR9U6ndgddUvNcjcG,Olivia Rodrigo,good 4 u,Olivia Rodrigo PS,1,95,74,523162,178147.0,0.563,0.664,-5.044,0.0,0.154,166.928
91,92,spotify:track:5qqabIl2vWzo9ApSC317sa,Oasis,Wonderwall - Remastered,Big Brother Recordings Ltd,61,98,298,522903,258773.0,0.378,0.896,-4.066,0.0,0.0407,174.302
92,93,spotify:track:2zzLRQ78kKfPTx8FJQCdC2,Arctic Monkeys,When The Sun Goes Down,Domino Recording Co,73,73,40,522050,202133.0,0.348,0.875,-4.758,0.0,0.199,169.152
93,94,spotify:track:2AT8iROs4FQueDv2c8q2KE,Arctic Monkeys,R U Mine?,Domino Recording Co,70,70,18,520041,201726.0,0.288,0.758,-5.692,0.0,0.0371,97.094
94,95,spotify:track:1Fid2jjqsHViMX6xNH70hE,Seafret,Atlantis,Sweet Jane Recordings,80,91,9,518640,229173.0,0.4,0.479,-7.989,2.14e-06,0.0308,166.159
95,96,spotify:track:7MIhUdNJtaOnDmC5nBC1fb,"Alok, Ella Eyre, Kenny Dope, Never Dull",Deep Down (feat. Never Dull),Columbia/B1 Recordings,92,107,9,516249,165753.0,0.687,0.818,-4.221,0.0,0.0778,125.952
96,97,spotify:track:3yfqSUWxFvZELEM4PmlwIR,Eminem,The Real Slim Shady,Interscope,57,103,82,514888,284200.0,0.949,0.661,-4.244,0.0,0.0572,104.504
97,98,spotify:track:5gpyyqA9WZyWu24ESUzrkk,Central Cee,LA Leakers Freestyle,Central Cee,49,81,5,511080,178000.0,0.797,0.832,-6.084,5e-06,0.226,142.001
98,99,spotify:track:46IZ0fSY2mpAiktS3KOqds,Adele,Easy On Me,Columbia,1,106,52,510081,224695.0,0.604,0.366,-7.519,0.0,0.0282,141.981
99,100,spotify:track:0ntQJM78wzOLVeCUAW7Y45,Kings of Leon,Sex on Fire,RCA Records Label,81,110,83,504828,203347.0,0.542,0.905,-5.653,0.0104,0.054,153.398
100,101,spotify:track:0UvCh63URrLFcPkKt99hHd,Oasis,Don't Look Back In Anger - Remastered,Big Brother Recordings Ltd,44,105,248,504636,289560.0,0.327,0.938,-3.237,3.79e-06,0.0645,162.937
101,102,spotify:track:6VhuP99TE6gYNQRJIlAWFD,Stephen Sanchez,Until I Found You,Republic Records,102,130,6,502672,176667.0,0.346,0.5,-6.097,0.0,0.0388,202.466
102,103,spotify:track:7lQ8MOhq6IN2w8EYcFNSUk,Eminem,Without Me,Aftermath,51,112,62,499651,290320.0,0.908,0.669,-2.827,0.0,0.0738,112.238
103,104,spotify:track:3sa06xVNmLLYIxdNNmVQN8,"Jax Jones, MNEK",Where Did You Go? (feat. MNEK),Polydor Records,9,118,36,497031,177689.0,0.763,0.782,-4.541,7.08e-06,0.0346,127.034
104,105,spotify:track:78UihSJn90VSGBBES12kFL,D-Block Europe,4 The Win,D-Block Europe,27,64,3,496226,207083.0,0.76,0.627,-6.81,0.0,0.333,143.982
105,106,spotify:track:78nvT4euebtCsEigaNt4aa,KSI,Summer Is Over,Atlantic Records UK,52,52,2,496036,188561.0,0.349,0.745,-5.234,1.18e-05,0.0454,95.98
106,107,spotify:track:0NdTUS4UiNYCNn5FgVqKQY,Arctic Monkeys,Snap Out Of It,Domino Recording Co,78,78,6,495873,193030.0,0.728,0.638,-6.455,0.0,0.0336,130.014
107,108,spotify:track:11jRCxY01k9jvCdUru0EeP,Arctic Monkeys,Body Paint,Domino Recording Co,33,33,2,494515,290584.0,0.56,0.313,-11.653,0.0,0.0627,144.745
108,109,spotify:track:2K3Xp4H1Er79eEjhDcXjWX,"D-Block Europe, Ghost Killer Track",Elegant & Gang,D-Block Europe,26,102,18,493990,205200.0,0.7,0.461,-12.973,0.0,0.339,100.0
109,110,spotify:track:3UmaczJpikHgJFyBTAJVoz,"Eminem, Dido",Stan,Interscope,90,115,41,489571,404107.0,0.78,0.768,-4.325,2.34e-06,0.238,80.063
110,111,spotify:track:337kcYVjYXdLBItCw9ry3b,"D-Block Europe, Central Cee",Overseas,D-Block Europe,2,104,47,485423,222155.0,0.838,0.623,-7.524,0.0,0.354,135.935
111,112,spotify:track:1FEiijYPJtyswChfcpv3p0,Lana Del Rey,Summertime Sadness,Polydor Records,85,117,12,483693,264773.0,0.568,0.646,-6.793,0.0,0.0332,111.945
112,113,spotify:track:1cKHdTo9u0ZymJdPGSh6nq,"The Weeknd, Gesaffelstein",I Was Never There,Universal Republic Records,22,111,10,483453,241067.0,0.323,0.737,-4.008,0.000162,0.0338,113.26
113,114,spotify:track:7MXVkk9YMctZqd1Srtv4MB,"The Weeknd, Daft Punk",Starboy,Universal Republic Records,2,114,65,482423,230453.0,0.679,0.587,-7.015,6.35e-06,0.276,186.003
114,115,spotify:track:5IfHQilcjciOxJQBFCNCCN,"Joel Corry, Becky Hill",HISTORY,Atlantic Records UK,28,100,10,476301,176610.0,0.674,0.86,-3.318,3.21e-06,0.0369,122.975
115,116,spotify:track:4sNG6zQBmtq7M8aeeKJRMQ,Declan McKenna,Brazil,Columbia,67,123,22,473546,252307.0,0.687,0.617,-5.213,1.27e-05,0.0287,121.079
116,117,spotify:track:3DQVgcqaP3iSMbaKsd57l5,Arctic Monkeys,I Bet You Look Good On The Dancefloor,Domino Recording Co,90,99,23,468972,173680.0,0.535,0.948,-4.19,0.0,0.0356,103.183
117,118,spotify:track:45bfH0GZvUyujIBiKRhXso,"Eliza Rose, Interplanetary Criminal",B.O.T.A. (Baddest Of Them All),Warner Records,12,108,11,467031,358267.0,0.756,0.962,-7.526,0.703,0.0583,136.981
118,119,spotify:track:4qtdkdTY1t3RmlmSbWykzR,"Sigala, Talia Mar",Stay the Night,Ministry of Sound Recordings,25,84,20,466767,171955.0,0.636,0.936,-2.65,0.0,0.0729,124.034
119,120,spotify:track:3dYD57lRAUcMHufyqn9GcI,Hozier,Take Me To Church,Universal-Island Records Ltd.,84,131,115,465347,241688.0,0.566,0.664,-5.303,0.0,0.0464,128.945
120,121,spotify:track:54ipXppHLA8U4yqpOFTUhr,Imagine Dragons,Bones,Kid Ina Korner / Interscope,121,139,6,465182,165265.0,0.772,0.75,-3.67,0.0,0.0455,114.061
121,122,spotify:track:5hnGrTBaEsdukpDF6aZg8a,Dean Lewis,How Do I Say Goodbye,Universal Music Australia Pty. Ltd.,122,200,2,464525,163603.0,0.4,0.641,-6.303,0.0,0.0674,81.552
122,123,spotify:track:6uvh0In7u1Xn4HgxOfAn8O,Harry Styles,Matilda,Columbia,4,119,21,461769,245964.0,0.507,0.294,-10.0,1.97e-05,0.04,114.199
123,124,spotify:track:5LYMamLv12UPbemOaTPyeV,Harry Styles,Music For a Sushi Restaurant,Columbia,3,116,21,457651,193813.0,0.72,0.715,-4.652,0.0568,0.04,107.041
124,125,spotify:track:6UelLqGlWMcVH1E5c4H7lY,Harry Styles,Watermelon Sugar,Columbia,4,128,149,454362,174000.0,0.548,0.816,-4.209,0.0,0.0465,95.39
125,126,spotify:track:7ef4DlsgrMEH11cDZd32M6,"Calvin Harris, Dua Lipa",One Kiss (with Dua Lipa),Sony Music UK,1,125,122,453504,214847.0,0.791,0.862,-3.24,2.19e-05,0.11,123.994
126,127,spotify:track:0ofHAoxe9vBkTCp2UQIavz,Fleetwood Mac,Dreams - 2004 Remaster,Rhino/Warner Records,17,133,130,451734,257800.0,0.828,0.492,-9.744,0.00428,0.0276,120.151
127,128,spotify:track:6RZo8T7GY9EoWZXC5i2587,"Cat Burns, goddard.",go - goddard. Remix,Since 93,10,122,31,449906,192514.0,0.728,0.689,-6.601,6.14e-05,0.13,89.973
128,129,spotify:track:4RVwu0g32PAqgUiJoXsdF8,Billie Eilish,Happier Than Ever,Darkroom/Interscope Records,4,127,63,449045,298899.0,0.332,0.225,-8.697,0.00349,0.0348,81.055
129,130,spotify:track:1jDJFeK9x3OZboIAHsY9k2,Elton John,I'm Still Standing,EMI,109,149,45,445857,183440.0,0.504,0.904,-6.863,0.121,0.179,176.808
130,131,spotify:track:2zxEc1GCSCxbHIXTfhraRC,"Dave, Stormzy",Clash (feat. Stormzy),Neighbourhood,2,124,66,443482,251733.0,0.871,0.519,-6.549,8.14e-06,0.258,140.013
131,132,spotify:track:2DB4DdfCFMw1iaR6JaR03a,"Camila Cabello, Ed Sheeran",Bam Bam (feat. Ed Sheeran),Epic,7,121,32,442509,206071.0,0.756,0.697,-6.377,0.0,0.0401,94.996
132,133,spotify:track:3AVrVz5rK8Hrqo9YGiVGN5,Cigarettes After Sex,Apocalypse,Partisan Records,133,137,6,441552,290147.0,0.369,0.467,-9.018,0.46,0.0274,94.473
133,134,spotify:track:7BHPGtpuuWWsvE7cCaMuEU,The Kooks,Naive,Virgin Records,68,148,250,436984,203507.0,0.391,0.808,-6.209,0.0,0.0892,100.304
134,135,spotify:track:5gDWsRxpJ2lZAffh5p7K0w,"The Weeknd, Lana Del Rey",Stargirl Interlude,Universal Republic Records,118,140,9,436499,111627.0,0.715,0.47,-12.638,0.0923,0.0772,89.965
135,136,spotify:track:4Li2WHPkuyCdtmokzW2007,"JAY-Z, Kanye West",Ni**as In Paris,Roc Nation/RocAFella/IDJ,118,147,52,436202,219333.0,0.789,0.858,-5.542,0.0,0.311,140.022
136,137,spotify:track:6clzeGvi1CFioMOolbAOlX,"Calvin Harris, Justin Timberlake, Halsey, Pharrell Williams","Stay With Me (with Justin Timberlake, Halsey & Pharrell)",Columbia,7,101,13,435262,229283.0,0.81,0.733,-6.338,6.73e-06,0.0444,125.975
137,138,spotify:track:4oxGI8yyghLuMV7ybRG3kg,Central Cee,Obsessed With You,Central Cee,5,132,54,435040,108651.0,0.746,0.825,-4.457,0.0,0.0435,143.062
138,139,spotify:track:29Co9NKhOM5R9vWCrpkPPK,Cian Ducrot,All For You,Polydor Records,71,141,17,434713,219381.0,0.551,0.268,-9.954,0.0,0.0427,77.079
139,140,spotify:track:3gbBpTdY8lnQwqxNCcf795,Bastille,Pompeii,Virgin Records Ltd,90,143,134,434062,214148.0,0.679,0.715,-6.383,0.0,0.0407,127.435
140,141,spotify:track:2fyIS6GXMgUcSv4oejx63f,Arctic Monkeys,Mardy Bum,Domino Recording Co,126,126,13,430554,175440.0,0.634,0.599,-5.447,0.0,0.0365,112.215
141,142,spotify:track:74loibzxXRL875X20kenvk,Lil Yachty,Poland,Quality Control Music/Motown Records,142,-1,1,430259,83200.0,0.695,0.555,-8.5,0.826,0.0509,150.024
142,143,spotify:track:7wCmS9TTVUcIhRalDYFgPy,Pixies,Where Is My Mind? - Remastered,4AD,124,142,5,429368,234973.0,0.519,0.441,-14.178,0.000453,0.0353,81.334
143,144,spotify:track:2eAvDnpXP5W0cVtiI0PUxV,Ruth B.,Dandelions,Columbia,66,151,41,428751,233720.0,0.609,0.692,-2.958,0.0,0.0259,116.959
144,145,spotify:track:3WMj8moIAXJhHsyLaqIIHI,Zach Bryan,Something in the Orange,Warner Records,145,-1,1,427595,228013.0,0.369,0.192,-12.151,8.35e-06,0.04,175.212
145,146,spotify:track:5QM0SsyzmBM0pbFY52Xj1X,Sam Smith,I'm Not The Only One,Capitol,141,150,9,427116,239317.0,0.677,0.485,-5.795,2.04e-05,0.0361,82.001
146,147,spotify:track:0u2P5u6lvoDfwTYjAADbn4,"Billie Eilish, Khalid",lovely (with Khalid),Darkroom,54,146,178,425801,200186.0,0.351,0.296,-10.109,0.0,0.0333,115.284
147,148,spotify:track:0gucTLf7trAf37Ua1uAyAu,Nirvana,Smells Like Teen Spirit,Geffen,85,154,91,425591,300893.0,0.489,0.918,-4.502,7.64e-05,0.0554,116.731
148,149,spotify:track:6Uj1ctrBOjOas8xZXGqKk4,Doja Cat,Woman,Kemosabe Records/RCA Records,11,138,66,424915,172627.0,0.824,0.764,-4.175,0.00294,0.0854,107.998
149,150,spotify:track:4wHkV6OpCanrNg2PRNhWjM,"Aitch, Ashanti",Baby (feat. Ashanti),Capitol,2,145,31,423962,177733.0,0.752,0.813,-8.069,0.0,0.237,103.836
150,151,spotify:track:1v7L65Lzy0j0vdpRjJewt1,Eminem,"Lose Yourself - From ""8 Mile"" Soundtrack",Aftermath,88,165,112,423500,322227.0,0.686,0.735,-4.616,0.00066,0.264,171.355
151,152,spotify:track:3GYlZ7tbxLOxe6ewMNVTkw,Billie Eilish,TV,Darkroom/Interscope Records,22,-1,6,422605,281381.0,0.412,0.236,-15.159,0.00653,0.0379,140.214
152,153,spotify:track:7D0RhFcb3CrfPuTJ0obrod,Coldplay,Sparks,Parlophone UK,82,153,9,421748,227093.0,0.371,0.268,-10.506,0.0517,0.0281,102.617
153,154,spotify:track:5xoUgPXbMNUmoHU0Enwtwq,The Kooks,She Moves In Her Own Way,Virgin Records,100,144,166,420009,169307.0,0.41,0.803,-5.363,0.0,0.0623,153.315
154,155,spotify:track:2gMXnyrvIjhVBUZwvLZDMP,Lewis Capaldi,Before You Go,Vertigo Berlin,1,129,118,418474,215107.0,0.459,0.575,-4.858,0.0,0.0573,111.881
155,156,spotify:track:7iL6o9tox1zgHpKUfh9vuC,50 Cent,In Da Club,Shady Records,72,161,36,418274,193467.0,0.899,0.713,-2.752,0.0,0.366,90.051
156,157,spotify:track:1zi7xx7UVEFkmKfv06H8x0,"Drake, Wizkid, Kyla",One Dance,Cash Money Records/Young Money Ent./Universal Rec.,15,166,184,418228,173987.0,0.792,0.625,-5.609,0.0018,0.0536,103.967
157,158,spotify:track:5TXDeTFVRVY7Cvt0Dw4vWW,XXXTENTACION,Revenge,Bad Vibes Forever / EMPIRE,95,194,30,417778,120027.0,0.746,0.251,-16.169,0.00203,0.259,139.999
158,159,spotify:track:3Fzlg5r1IjhLk2qRw667od,Toploader,Dancing in the Moonlight,Sony Soho Square,87,160,184,417355,232693.0,0.632,0.856,-3.463,0.0,0.0348,119.397
159,160,spotify:track:22skzmqfdWrjJylampe0kt,"Macklemore & Ryan Lewis, Macklemore, Ryan Lewis, Ray Dalton",Can't Hold Us (feat. Ray Dalton),Macklemore,98,159,154,415641,258432.0,0.633,0.927,-4.468,0.0,0.0839,146.097
160,161,spotify:track:4svaKoxMMP7ImmKrD5hfQu,Jax,Victoria's Secret,Atlantic Records,129,177,8,414898,176125.0,0.586,0.556,-7.639,0.0,0.0592,167.018
161,162,spotify:track:7mykoq6R3BArsSpNDjFQTm,"Rosa Walton, Hallie Coggins",I Really Want to Stay at Your House,Lakeshore Records,114,120,3,414708,246653.0,0.49,0.738,-7.399,4.58e-06,0.0367,124.966
162,163,spotify:track:0ll8uFnc0nANY35E0Lfxvg,Keane,Somewhere Only We Know,Universal-Island Records Ltd.,151,181,5,414242,236160.0,0.453,0.655,-4.22,7.61e-06,0.0259,172.012
163,164,spotify:track:68EkhVWIeULhHxcbi1QhzK,AJR,World's Smallest Violin,Black Butter,134,157,8,414118,180747.0,0.68,0.697,-7.01,0.0,0.0484,116.033
164,165,spotify:track:3Oww84xrmgjyr5J1ilOmAf,"Luude, Colin Hay",Down Under (feat. Colin Hay),Warner Records,4,162,41,413172,158774.0,0.308,0.86,-4.111,0.000828,0.168,171.835
165,166,spotify:track:3Z7CaxQkqbIs1rewKi6v4W,"Tiësto, Charli XCX",Hot In It,Atlantic Records,50,134,15,408922,129817.0,0.748,0.841,-5.08,1.33e-06,0.177,123.045
166,167,spotify:track:6feiJqgHqeSvkGUzf11AYs,"Becky Hill, David Guetta",Remember (and David Guetta),Polydor Records,6,158,69,408747,161387.0,0.626,0.864,-3.12,0.0,0.0378,123.833
167,168,spotify:track:7gRFDGEzF9UkBV233yv2dc,BLACKPINK,Shut Down,YG Entertainment/Interscope Records,35,113,4,408367,175889.0,0.818,0.69,-5.119,0.0,0.0454,110.071
168,169,spotify:track:5wANPM4fQCJwkGd4rN57mH,Olivia Rodrigo,drivers license,Olivia Rodrigo PS,1,169,92,408349,242013.0,0.561,0.431,-8.81,1.42e-05,0.0578,143.875
169,170,spotify:track:4wVOKKEHUJxHCFFNUWDn0B,"Drake, Giveon",Chicago Freestyle (feat. Giveon),OVO,11,171,49,405323,220488.0,0.735,0.449,-7.507,0.0,0.347,122.947
170,171,spotify:track:3hRV0jL3vUpRrcy398teAU,Lord Huron,The Night We Met,Play It Again Sam,55,167,18,402129,208212.0,0.544,0.369,-9.514,0.279,0.038,87.01
171,172,spotify:track:4bHsxqR3GMrXTxEPLuK5ue,Journey,Don't Stop Believin',Columbia,131,176,169,400453,250987.0,0.5,0.748,-9.072,0.0,0.0363,118.852
172,173,spotify:track:2tpWsVSb9UEmDRxAl1zhX1,OneRepublic,Counting Stars,Mosley / Interscope,135,182,67,399252,257267.0,0.664,0.705,-4.972,0.0,0.0382,122.016
173,174,spotify:track:5UWwZ5lm5PKu6eKsHAGxOk,Foo Fighters,Everlong,RCA Records Label,53,172,9,396269,250547.0,0.413,0.881,-5.541,0.000308,0.0367,158.066
174,175,spotify:track:5T8EDUDqKcs6OSOwEsfqG7,Queen,Don't Stop Me Now - Remastered 2011,EMI,73,189,152,395293,209413.0,0.559,0.868,-5.276,0.000176,0.17,156.295
175,176,spotify:track:3hUxzQpSfdDqwM3ZTFQY0K,Taylor Swift,august,Taylor Swift,22,184,15,394819,261923.0,0.532,0.623,-9.208,7.28e-05,0.0331,89.937
176,177,spotify:track:6I3mqTwhRpn34SLVafSH7G,Justin Bieber,Ghost,RBMG/Def Jam,23,191,55,393750,153190.0,0.601,0.741,-5.569,2.91e-05,0.0478,153.96
177,178,spotify:track:4Of7rzpRpV1mWRbhp5rAqG,Lewis Capaldi,Bruises,Vertigo Berlin,9,152,127,393155,220492.0,0.736,0.308,-7.83,0.0,0.0677,111.202
178,179,spotify:track:7z84Fwf1R3Z2BwHCP620CI,Paramore,This Is Why,Atlantic Records,97,97,2,392226,207652.0,0.723,0.737,-7.566,0.00261,0.0386,123.039
179,180,spotify:track:5uCax9HTNlzGybIStD3vDh,James Arthur,Say You Won't Let Go,Columbia,5,196,259,390606,211467.0,0.358,0.557,-7.398,0.0,0.059,85.043
180,181,spotify:track:5TRPicyLGbAF2LGBFbHGvO,"Kanye West, Dwele",Flashing Lights,Roc-A-Fella,181,186,2,390059,237507.0,0.639,0.628,-7.578,0.0,0.0399,90.482
181,182,spotify:track:0oiv4E896TUTTeQU0cmIui,Drake,Massive,OVO,6,156,17,389896,336924.0,0.499,0.671,-6.774,0.0169,0.0561,124.994
182,183,spotify:track:4hJhHbkhZFnxmWbAkZRoe0,"Fireboy DML, Ed Sheeran",Peru,Universal-Island Records Ltd.,6,175,42,389786,187111.0,0.956,0.417,-7.892,0.00071,0.0926,108.015
183,184,spotify:track:4AFsRbaLKRWo3dDtjDFA2V,Childish Gambino,Me and Your Mama,Glassnote Entertainment Group LLC,105,168,10,389722,379227.0,0.545,0.442,-12.111,0.0271,0.0352,118.073
184,185,spotify:track:3DKCTIiJ97bS9TGiqcABjo,"Dave, AJ Tracey",Thiago Silva,Tropics Records,10,180,107,389292,201964.0,0.667,0.673,-7.574,4e-06,0.323,144.256
185,186,spotify:track:4EWCNWgDS8707fNSZ1oaA5,Kanye West,Heartless,Roc-A-Fella,165,178,8,388848,211000.0,0.79,0.647,-5.983,0.0,0.136,87.999
186,187,spotify:track:01IQ4aQgOf0Kkq3a273hmO,"Dave, Fredo",Funky Friday,Neighbourhood,1,-1,113,388800,182741.0,0.975,0.535,-7.227,0.0,0.196,125.066
187,188,spotify:track:5odlY52u43F5BjByhxg7wg,JVKE,golden hour,JVKE,135,135,2,388363,209260.0,0.515,0.593,-4.801,0.162,0.0322,94.467
188,189,spotify:track:4XvcHTUfIlWfyJTRG0aqlo,Sleepy Hallow,2055,Winners Circle/RCA Records,21,-1,57,387631,123987.0,0.829,0.512,-5.865,0.0,0.187,80.511
189,190,spotify:track:5CZ40GBx1sQ9agT82CLQCT,Olivia Rodrigo,traitor,Olivia Rodrigo PS,6,-1,72,386603,229227.0,0.38,0.339,-7.885,0.0,0.0338,100.607
190,191,spotify:track:7fBv7CLKzipRk6EC6TWHOB,The Weeknd,The Hills,Universal Republic Records,79,192,10,385501,242253.0,0.585,0.564,-7.063,0.0,0.0515,113.003
191,192,spotify:track:4kbj5MwxO1bq9wjT5g9HaA,WALK THE MOON,Shut Up and Dance,RCA Records Label,128,-1,84,382587,199080.0,0.578,0.866,-3.804,0.0,0.0619,128.038
192,193,spotify:track:4u7EnebtmKWzUH433cf5Qv,Queen,Bohemian Rhapsody - Remastered 2011,EMI,30,187,150,382278,354320.0,0.414,0.404,-9.928,0.0,0.0499,71.105
193,194,spotify:track:5e9TFTbltYBg2xThimr0rU,Fleetwood Mac,The Chain - 2004 Remaster,Rhino/Warner Records,74,-1,152,382189,270213.0,0.545,0.67,-8.81,0.000822,0.0496,151.553
194,195,spotify:track:4R2kfaDFhslZEMJqAFNpdd,Taylor Swift,cardigan,Taylor Swift,4,-1,12,380767,239560.0,0.613,0.581,-8.588,0.000345,0.0424,130.033
195,196,spotify:track:4CUX44NA1CPEzd0ibMLQsL,"Belters Only, Jazzy",Make Me Feel Good,Polydor Records,8,174,41,380109,197473.0,0.773,0.74,-8.169,0.00183,0.0386,124.014
196,197,spotify:track:25FTMokYEbEWHEdss5JLZS,Wheatus,Teenage Dirtbag,Columbia,125,183,10,380010,241667.0,0.625,0.85,-3.904,0.000233,0.0495,94.661
197,198,spotify:track:62ke5zFUJN6RvtXZgVH0F8,Paloma Faith,Only Love Can Hurt Like This,RCA Records Label,107,188,26,379052,232893.0,0.566,0.885,-4.528,9.97e-05,0.0818,90.99
198,199,spotify:track:7o2CTH4ctstm8TNelqjb51,Guns N' Roses,Sweet Child O' Mine,Guns N Roses P&D,117,199,13,377365,354520.0,0.454,0.91,-7.766,0.0996,0.0448,125.116
199,200,spotify:track:7DFNE7NO0raLIUbgzY2rzm,Passenger,Let Her Go,Black Crow Records,132,195,90,377262,252867.0,0.509,0.538,-7.335,0.0,0.0572,75.089
